{
    "Liverpool vs Bournemouth": {
        "odds": {
            "away": 8.0,
            "home": 1.3,
            "draw": 5.5
        },
        "probabilities": {
            "away": 0.11616571892770106,
            "home": 0.7148659626320064,
            "draw": 0.16896831844029245
        }
    },
    "Aston Villa vs Newcastle United": {
        "odds": {
            "home": 2.3,
            "away": 2.88,
            "draw": 3.5
        },
        "probabilities": {
            "home": 0.4072069160539711,
            "away": 0.3251999676819907,
            "draw": 0.2675931162640381
        }
    },
    "Brighton and Hove Albion vs Fulham": {
        "odds": {
            "home": 1.8,
            "away": 4.2,
            "draw": 3.75
        },
        "probabilities": {
            "home": 0.5239520958083832,
            "away": 0.2245508982035928,
            "draw": 0.25149700598802394
        }
    },
    "Tottenham Hotspur vs Burnley": {
        "odds": {
            "away": 8.5,
            "home": 1.33,
            "draw": 5.0
        },
        "probabilities": {
            "away": 0.10999917293854934,
            "home": 0.7030022330659168,
            "draw": 0.1869985939955339
        }
    },
    "Sunderland vs West Ham United": {
        "odds": {
            "home": 3.1,
            "away": 2.25,
            "draw": 3.3
        },
        "probabilities": {
            "home": 0.30146163215590743,
            "away": 0.415347137637028,
            "draw": 0.2831912302070646
        }
    },
    "Wolverhampton Wanderers vs Manchester City": {
        "odds": {
            "away": 1.44,
            "home": 6.5,
            "draw": 4.5
        },
        "probabilities": {
            "away": 0.6487025948103793,
            "home": 0.14371257485029942,
            "draw": 0.20758483033932135
        }
    },
    "Nottingham Forest vs Brentford": {
        "odds": {
            "away": 3.1,
            "home": 2.15,
            "draw": 3.5
        },
        "probabilities": {
            "away": 0.30051916932907347,
            "home": 0.4333067092651757,
            "draw": 0.2661741214057508
        }
    },
    "Chelsea vs Crystal Palace": {
        "odds": {
            "home": 1.53,
            "away": 5.5,
            "draw": 4.0
        },
        "probabilities": {
            "home": 0.6021623101135898,
            "away": 0.16751060626796224,
            "draw": 0.23032708361844806
        }
    },
    "Manchester United vs Arsenal": {
        "odds": {
            "away": 2.15,
            "home": 3.3,
            "draw": 3.3
        },
        "probabilities": {
            "away": 0.43421052631578944,
            "home": 0.28289473684210525,
            "draw": 0.28289473684210525
        }
    },
    "Leeds United vs Everton": {
        "odds": {
            "away": 2.75,
            "home": 2.5,
            "draw": 3.2
        },
        "probabilities": {
            "away": 0.337909186906019,
            "home": 0.3717001055966209,
            "draw": 0.29039070749736007
        }
    }
}